{"Salary":{"count":121.0,"mean":700.4472809917,"std":57.1436732938,"min":602.584,"25%":649.111,"50%":692.754,"75%":747.401,"max":799.461},"Driving_experience":{"count":121.0,"mean":2.5867768595,"std":1.4925895924,"min":1.0,"25%":1.0,"50%":2.0,"75%":4.0,"max":5.0},"Unprofitableness":{"count":121.0,"mean":203.0247933884,"std":57.6660591697,"min":101.0,"25%":158.0,"50%":196.0,"75%":257.0,"max":297.0},"Age":{"count":121.0,"mean":24.5041322314,"std":2.5368089106,"min":20.0,"25%":22.0,"50%":25.0,"75%":27.0,"max":28.0}}; {"Salary":{"count":66.0,"mean":2526.2664090909,"std":279.1020682842,"min":2040.29,"25%":2276.496,"50%":2562.182,"75%":2757.50575,"max":3012.363},"Driving_experience":{"count":66.0,"mean":29.5,"std":5.8684292224,"min":20.0,"25%":25.0,"50%":30.0,"75%":34.5,"max":40.0},"Unprofitableness":{"count":66.0,"mean":64.7878787879,"std":26.7377665206,"min":21.0,"25%":42.25,"50%":58.5,"75%":86.5,"max":116.0},"Age":{"count":66.0,"mean":56.7121212121,"std":8.4703376584,"min":41.0,"25%":50.0,"50%":57.0,"75%":63.75,"max":71.0}}; {"Age":{"count":242.0,"mean":49.979338843,"std":20.6316134066,"min":22.0,"25%":30.0,"50%":48.5,"75%":70.0,"max":79.0},"Driving_experience":{"count":242.0,"mean":26.5743801653,"std":19.8198485071,"min":4.0,"25%":7.0,"50%":21.5,"75%":46.0,"max":58.0},"Unprofitableness":{"count":242.0,"mean":319.7603305785,"std":187.1187310203,"min":92.0,"25%":153.0,"50%":257.5,"75%":470.25,"max":700.0},Salary":{"count":242.0,"mean":196.2100330579,"std":51.3674061362,"min":120.185,"25%":148.7955,"50%":189.953,"75%":243.15675,"max":279.472}}; {"Age":{"count":55.0,"mean":56.9454545455,"std":9.0909360269,"min":41.0,"25%":48.5,"50%":59.0,"75%":64.5,"max":71.0},"Driving_experience":{"count":55.0,"mean":30.4545454545,"std":5.7985252973,"min":20.0,"25%":26.0,"50%":31.0,"75%":35.0,"max":40.0},"Unprofitableness":{"count":55.0,"mean":66.9090909091,"std":25.2559290635,"min":20.0,"25%":50.0,"50%":65.0,"75%":87.5,"max":114.0},"Salary":{"count":55.0,"mean":3521.6995090909,"std":289.4169984076,"min":3032.677,"25%":3256.313,"50%":3574.4,"75%":3765.073,"max":3982.828}}
