{"Age":{"count":242.0,"mean":49.979338843,"std":20.6316134066,"min":22.0,"25%":30.0,"50%":48.5,"75%":70.0,"max":79.0},"Driving_experience":{"count":242.0,"mean":26.5743801653,"std":19.8198485071,"min":4.0,"25%":7.0,"50%":21.5,"75%":46.0,"max":58.0},"Unprofitableness":{"count":242.0,"mean":319.7603305785,"std":187.1187310203,"min":92.0,"25%":153.0,"50%":257.5,"75%":470.25,"max":700.0},"Salary_origin":{"count":242.0,"mean":196210.0330578513,"std":51367.4061361943,"min":120185.0,"25%":148795.5,"50%":189953.0,"75%":243156.75,"max":279472.0},"Salary":{"count":242.0,"mean":196.2100330579,"std":51.3674061362,"min":120.185,"25%":148.7955,"50%":189.953,"75%":243.15675,"max":279.472},"cluster":{"count":242.0,"mean":2.0,"std":0.0,"min":2.0,"25%":2.0,"50%":2.0,"75%":2.0,"max":2.0}}