{"Age":{"count":55.0,"mean":56.9454545455,"std":9.0909360269,"min":41.0,"25%":48.5,"50%":59.0,"75%":64.5,"max":71.0},"Driving_experience":{"count":55.0,"mean":30.4545454545,"std":5.7985252973,"min":20.0,"25%":26.0,"50%":31.0,"75%":35.0,"max":40.0},"Unprofitableness":{"count":55.0,"mean":66.9090909091,"std":25.2559290635,"min":20.0,"25%":50.0,"50%":65.0,"75%":87.5,"max":114.0},"Salary_origin":{"count":55.0,"mean":3521699.5090909093,"std":289416.9984076464,"min":3032677.0,"25%":3256313.0,"50%":3574400.0,"75%":3765073.0,"max":3982828.0},"Salary":{"count":55.0,"mean":3521.6995090909,"std":289.4169984076,"min":3032.677,"25%":3256.313,"50%":3574.4,"75%":3765.073,"max":3982.828},"cluster":{"count":55.0,"mean":3.0,"std":0.0,"min":3.0,"25%":3.0,"50%":3.0,"75%":3.0,"max":3.0}}