{"Salary":{"count":66.0,"mean":2526.2664090909,"std":279.1020682842,"min":2040.29,"25%":2276.496,"50%":2562.182,"75%":2757.50575,"max":3012.363},"Driving_experience":{"count":66.0,"mean":29.5,"std":5.8684292224,"min":20.0,"25%":25.0,"50%":30.0,"75%":34.5,"max":40.0},"Unprofitableness":{"count":66.0,"mean":64.7878787879,"std":26.7377665206,"min":21.0,"25%":42.25,"50%":58.5,"75%":86.5,"max":116.0},"Age":{"count":66.0,"mean":56.7121212121,"std":8.4703376584,"min":41.0,"25%":50.0,"50%":57.0,"75%":63.75,"max":71.0}}